wiki_187841	wiki_187841
wiki_187844	wiki_187844
wiki_207863	wiki_207863
wiki_215895	wiki_215895
wiki_236537	wiki_236537
wiki_236669	wiki_236669
wiki_245151	wiki_245151
wiki_245235	wiki_245235
wiki_250531	wiki_250531
wiki_253287	wiki_253287
wiki_253718	wiki_253718
wiki_259360	wiki_259360
wiki_262708	wiki_262708
wiki_268746	wiki_268746
wiki_269035	wiki_269035
wiki_269612	wiki_269612
wiki_270173	wiki_270173
wiki_270173	wiki_270173
wiki_270730	wiki_270730
wiki_270730	wiki_270730
wiki_271171	wiki_271171
wiki_271479	wiki_271479
wiki_271653	wiki_271653
wiki_271946	wiki_271946
wiki_272138	wiki_272138
wiki_272183	wiki_272183
wiki_274222	wiki_274222
wiki_274577	wiki_274577
wiki_274686	wiki_274686
wiki_274966	wiki_274966
wiki_275549	wiki_275549
colerus_1	colerus_1
colerus_1	colerus_1
colerus_1	colerus_1
colerus_10	colerus_10
colerus_12	colerus_12
colerus_12	colerus_12
colerus_12	colerus_12
colerus_13	colerus_13
colerus_13	colerus_13
colerus_13	colerus_13
colerus_13	colerus_13
colerus_13	colerus_13
colerus_14	colerus_14
colerus_15	colerus_15
colerus_15	colerus_15
colerus_15	colerus_15
colerus_15	colerus_15
colerus_15	colerus_15
colerus_16	colerus_16
colerus_17	colerus_17
colerus_18	colerus_18
colerus_18	colerus_18
colerus_19	colerus_19
colerus_2	colerus_2
colerus_2	colerus_2
colerus_20	colerus_20
colerus_20	colerus_20
colerus_21	colerus_21
colerus_21	colerus_21
colerus_21	colerus_21
colerus_21	colerus_21
colerus_21	colerus_21
colerus_22	colerus_22
colerus_22	colerus_22
colerus_23	colerus_23
colerus_23	colerus_23
colerus_23	colerus_23
colerus_24	colerus_24
colerus_24	colerus_24
colerus_24	colerus_24
colerus_25	colerus_25
colerus_26	colerus_26
colerus_26	colerus_26
colerus_28	colerus_28
colerus_28	colerus_28
colerus_3	colerus_3
colerus_3	colerus_3
colerus_3	colerus_3
colerus_3	colerus_3
colerus_30	colerus_30
colerus_4	colerus_4
colerus_4	colerus_4
colerus_4	colerus_4
colerus_5	colerus_5
colerus_5	colerus_5
colerus_5	colerus_5
colerus_6	colerus_6
colerus_7	colerus_7
danckwerth_3	danckwerth_3
danckwerth_4	danckwerth_4
deckhardt_1	deckhardt_1
deckhardt_2	deckhardt_2
deckhardt_29	deckhardt_29
deckhardt_9	deckhardt_9
hohberg_1	hohberg_1
hohberg_4	hohberg_4
keyl_10	keyl_10
keyl_10	keyl_10
keyl_10	keyl_10
keyl_10	keyl_10
keyl_10	keyl_10
keyl_10	keyl_10
keyl_10	keyl_10
keyl_16	keyl_16
keyl_23	keyl_23
keyl_26	keyl_26
keyl_5	keyl_5
keyl_5	keyl_5
keyl_5	keyl_5
kochvndkellermeisterey_1	kochvndkellermeisterey_1
kochvndkellermeisterey_11	kochvndkellermeisterey_11
kochvndkellermeisterey_11	kochvndkellermeisterey_11
kochvndkellermeisterey_12	kochvndkellermeisterey_12
kochvndkellermeisterey_12	kochvndkellermeisterey_12
kochvndkellermeisterey_12	kochvndkellermeisterey_12
kochvndkellermeisterey_14	kochvndkellermeisterey_14
kochvndkellermeisterey_15	kochvndkellermeisterey_15
kochvndkellermeisterey_15	kochvndkellermeisterey_15
kochvndkellermeisterey_15	kochvndkellermeisterey_15
kochvndkellermeisterey_15	kochvndkellermeisterey_15
kochvndkellermeisterey_17	kochvndkellermeisterey_17
kochvndkellermeisterey_18	kochvndkellermeisterey_18
kochvndkellermeisterey_2	kochvndkellermeisterey_2
kochvndkellermeisterey_2	kochvndkellermeisterey_2
kochvndkellermeisterey_20	kochvndkellermeisterey_20
kochvndkellermeisterey_20	kochvndkellermeisterey_20
kochvndkellermeisterey_21	kochvndkellermeisterey_21
kochvndkellermeisterey_21	kochvndkellermeisterey_21
kochvndkellermeisterey_21	kochvndkellermeisterey_21
kochvndkellermeisterey_21	kochvndkellermeisterey_21
kochvndkellermeisterey_22	kochvndkellermeisterey_22
kochvndkellermeisterey_22	kochvndkellermeisterey_22
kochvndkellermeisterey_22	kochvndkellermeisterey_22
kochvndkellermeisterey_25	kochvndkellermeisterey_25
kochvndkellermeisterey_25	kochvndkellermeisterey_25
kochvndkellermeisterey_25	kochvndkellermeisterey_25
kochvndkellermeisterey_26	kochvndkellermeisterey_26
kochvndkellermeisterey_28	kochvndkellermeisterey_28
kochvndkellermeisterey_3	kochvndkellermeisterey_3
kochvndkellermeisterey_30	kochvndkellermeisterey_30
kochvndkellermeisterey_31	kochvndkellermeisterey_31
kochvndkellermeisterey_32	kochvndkellermeisterey_32
kochvndkellermeisterey_33	kochvndkellermeisterey_33
kochvndkellermeisterey_33	kochvndkellermeisterey_33
kochvndkellermeisterey_33	kochvndkellermeisterey_33
kochvndkellermeisterey_33	kochvndkellermeisterey_33
kochvndkellermeisterey_33	kochvndkellermeisterey_33
kochvndkellermeisterey_33	kochvndkellermeisterey_33
kochvndkellermeisterey_8	kochvndkellermeisterey_8
kochvndkellermeisterey_8	kochvndkellermeisterey_8
kochvndkellermeisterey_8	kochvndkellermeisterey_8
kochvndkellermeisterey_8	kochvndkellermeisterey_8
osnabruck_15	osnabruck_15
osnabruck_28	osnabruck_28
osnabruck_30	osnabruck_30
osnabruck_8	osnabruck_8
prasmosfky_17	prasmosfky_17
prasmosfky_17	prasmosfky_17
prasmosfky_2	prasmosfky_2
prasmosfky_21	prasmosfky_21
prasmosfky_22	prasmosfky_22
prasmosfky_26	prasmosfky_26
prasmosfky_27	prasmosfky_27
prasmosfky_28	prasmosfky_28
prasmosfky_29	prasmosfky_29
prasmosfky_29	prasmosfky_29
prasmosfky_29	prasmosfky_29
prasmosfky_3	prasmosfky_3
prasmosfky_3	prasmosfky_3
prasmosfky_3	prasmosfky_3
prasmosfky_9	prasmosfky_9
schuppe_1	schuppe_1
schuppe_13	schuppe_13
schuppe_13	schuppe_13
schuppe_13	schuppe_13
schuppe_14	schuppe_14
schuppe_14	schuppe_14
schuppe_14	schuppe_14
schuppe_16	schuppe_16
schuppe_16	schuppe_16
schuppe_17	schuppe_17
schuppe_17	schuppe_17
schuppe_17	schuppe_17
schuppe_17	schuppe_17
schuppe_20	schuppe_20
schuppe_20	schuppe_20
schuppe_20	schuppe_20
schuppe_20	schuppe_20
schuppe_20	schuppe_20
schuppe_21	schuppe_21
schuppe_21	schuppe_21
schuppe_24	schuppe_24
schuppe_28	schuppe_28
schuppe_5	schuppe_5
staindl_1	staindl_1
staindl_10	staindl_10
staindl_10	staindl_10
staindl_11	staindl_11
staindl_13	staindl_13
staindl_14	staindl_14
staindl_14	staindl_14
staindl_14	staindl_14
staindl_16	staindl_16
staindl_20	staindl_20
staindl_20	staindl_20
staindl_21	staindl_21
staindl_21	staindl_21
staindl_21	staindl_21
staindl_21	staindl_21
staindl_22	staindl_22
staindl_23	staindl_23
staindl_26	staindl_26
staindl_3	staindl_3
staindl_3	staindl_3
staindl_30	staindl_30
staindl_30	staindl_30
staindl_30	staindl_30
staindl_30	staindl_30
staindl_30	staindl_30
staindl_4	staindl_4
staindl_4	staindl_4
staindl_5	staindl_5
staindl_6	staindl_6
staindl_8	staindl_8
stockholm_13	stockholm_13
thieme_16	thieme_16
thieme_4	thieme_4
wecker_1	wecker_1
wecker_10	wecker_10
wecker_14	wecker_14
wecker_14	wecker_14
wecker_14	wecker_14
wecker_14	wecker_14
wecker_14	wecker_14
wecker_15	wecker_15
wecker_15	wecker_15
wecker_15	wecker_15
wecker_16	wecker_16
wecker_16	wecker_16
wecker_18	wecker_18
wecker_18	wecker_18
wecker_18	wecker_18
wecker_18	wecker_18
wecker_18	wecker_18
wecker_18	wecker_18
wecker_19	wecker_19
wecker_2	wecker_2
wecker_2	wecker_2
wecker_2	wecker_2
wecker_2	wecker_2
wecker_20	wecker_20
wecker_20	wecker_20
wecker_20	wecker_20
wecker_21	wecker_21
wecker_23	wecker_23
wecker_23	wecker_23
wecker_23	wecker_23
wecker_23	wecker_23
wecker_23	wecker_23
wecker_24	wecker_24
wecker_24	wecker_24
wecker_24	wecker_24
wecker_24	wecker_24
wecker_24	wecker_24
wecker_26	wecker_26
wecker_27	wecker_27
wecker_27	wecker_27
wecker_27	wecker_27
wecker_27	wecker_27
wecker_27	wecker_27
wecker_27	wecker_27
wecker_27	wecker_27
wecker_28	wecker_28
wecker_28	wecker_28
wecker_28	wecker_28
wecker_28	wecker_28
wecker_29	wecker_29
wecker_29	wecker_29
wecker_29	wecker_29
wecker_29	wecker_29
wecker_3	wecker_3
wecker_3	wecker_3
wecker_3	wecker_3
wecker_3	wecker_3
wecker_3	wecker_3
wecker_3	wecker_3
wecker_3	wecker_3
wecker_3	wecker_3
wecker_3	wecker_3
wecker_3	wecker_3
wecker_3	wecker_3
wecker_3	wecker_3
wecker_30	wecker_30
wecker_4	wecker_4
wecker_5	wecker_5
wecker_5	wecker_5
wecker_5	wecker_5
wecker_5	wecker_5
wecker_5	wecker_5
wecker_7	wecker_7
wecker_7	wecker_7
wecker_7	wecker_7
wecker_8	wecker_8
wecker_8	wecker_8
wecker_8	wecker_8
wecker_8	wecker_8
wecker_8	wecker_8
wecker_8	wecker_8
wecker_8	wecker_8
wecker_8	wecker_8
wecker_8	wecker_8
wecker_8	wecker_8
wecker_8	wecker_8
