wiki_158731	wiki_158731
wiki_168005	wiki_168005
wiki_186389	wiki_186389
wiki_186389	wiki_186389
wiki_186389	wiki_186389
wiki_186389	wiki_186389
wiki_192131	wiki_192131
wiki_200312	wiki_200312
wiki_202108	wiki_202108
wiki_202108	wiki_202108
wiki_202108	wiki_202108
wiki_202108	wiki_202108
wiki_202108	wiki_202108
wiki_202108	wiki_202108
wiki_202108	wiki_202108
wiki_202108	wiki_202108
wiki_202108	wiki_202108
wiki_202108	wiki_202108
wiki_202108	wiki_202108
wiki_202108	wiki_202108
wiki_202108	wiki_202108
wiki_202108	wiki_202108
wiki_202108	wiki_202108
wiki_202108	wiki_202108
wiki_202108	wiki_202108
wiki_202108	wiki_202108
wiki_202108	wiki_202108
wiki_202108	wiki_202108
wiki_202108	wiki_202108
wiki_202108	wiki_202108
wiki_202108	wiki_202108
wiki_202108	wiki_202108
wiki_205188	wiki_205188
wiki_214020	wiki_214020
wiki_217263	wiki_217263
wiki_217263	wiki_217263
wiki_222710	wiki_222710
wiki_225422	wiki_225422
wiki_227862	wiki_227862
wiki_227862	wiki_227862
wiki_227862	wiki_227862
wiki_232001	wiki_232001
wiki_232001	wiki_232001
wiki_232001	wiki_232001
wiki_233242	wiki_233242
wiki_236042	wiki_236042
wiki_237206	wiki_237206
wiki_244474	wiki_244474
wiki_244474	wiki_244474
wiki_244474	wiki_244474
wiki_244474	wiki_244474
wiki_244474	wiki_244474
wiki_244474	wiki_244474
wiki_244474	wiki_244474
wiki_244474	wiki_244474
wiki_244474	wiki_244474
wiki_244474	wiki_244474
wiki_244474	wiki_244474
wiki_245235	wiki_245235
wiki_245235	wiki_245235
wiki_245351	wiki_245351
wiki_245475	wiki_245475
wiki_245563	wiki_245563
wiki_246307	wiki_246307
wiki_246307	wiki_246307
wiki_246718	wiki_246718
wiki_247134	wiki_247134
wiki_247670	wiki_247670
wiki_248635	wiki_248635
wiki_250252	wiki_250252
wiki_250682	wiki_250682
wiki_252049	wiki_252049
wiki_252312	wiki_252312
wiki_252540	wiki_252540
wiki_252540	wiki_252540
wiki_252540	wiki_252540
wiki_252540	wiki_252540
wiki_253287	wiki_253287
wiki_253471	wiki_253471
wiki_254152	wiki_254152
wiki_254365	wiki_254365
wiki_254655	wiki_254655
wiki_254655	wiki_254655
wiki_254655	wiki_254655
wiki_257358	wiki_257358
wiki_260643	wiki_260643
wiki_262902	wiki_262902
wiki_262902	wiki_262902
wiki_264576	wiki_264576
wiki_264785	wiki_264785
wiki_264785	wiki_264785
wiki_265273	wiki_265273
wiki_265305	wiki_265305
wiki_265305	wiki_265305
wiki_265305	wiki_265305
wiki_265305	wiki_265305
wiki_265305	wiki_265305
wiki_265305	wiki_265305
wiki_265305	wiki_265305
wiki_265411	wiki_265411
wiki_265444	wiki_265444
wiki_266968	wiki_266968
wiki_266968	wiki_266968
wiki_266968	wiki_266968
wiki_266968	wiki_266968
wiki_266968	wiki_266968
wiki_266972	wiki_266972
wiki_266972	wiki_266972
wiki_266972	wiki_266972
wiki_268163	wiki_268163
wiki_268163	wiki_268163
wiki_268184	wiki_268184
wiki_269026	wiki_269026
wiki_269239	wiki_269239
wiki_269239	wiki_269239
wiki_269389	wiki_269389
wiki_269584	wiki_269584
wiki_269584	wiki_269584
wiki_269924	wiki_269924
wiki_269924	wiki_269924
wiki_269924	wiki_269924
wiki_269924	wiki_269924
wiki_269925	wiki_269925
wiki_269925	wiki_269925
wiki_269925	wiki_269925
wiki_269925	wiki_269925
wiki_269925	wiki_269925
wiki_270173	wiki_270173
wiki_270188	wiki_270188
wiki_270417	wiki_270417
wiki_270544	wiki_270544
wiki_270698	wiki_270698
wiki_270701	wiki_270701
wiki_270733	wiki_270733
wiki_271005	wiki_271005
wiki_271005	wiki_271005
wiki_271063	wiki_271063
wiki_271063	wiki_271063
wiki_271063	wiki_271063
wiki_271063	wiki_271063
wiki_271075	wiki_271075
wiki_271445	wiki_271445
wiki_271445	wiki_271445
wiki_271445	wiki_271445
wiki_271445	wiki_271445
wiki_271445	wiki_271445
wiki_272058	wiki_272058
wiki_272088	wiki_272088
wiki_272120	wiki_272120
wiki_272120	wiki_272120
wiki_272120	wiki_272120
wiki_272120	wiki_272120
wiki_272184	wiki_272184
wiki_272268	wiki_272268
wiki_272346	wiki_272346
wiki_272346	wiki_272346
wiki_272346	wiki_272346
wiki_272346	wiki_272346
wiki_272346	wiki_272346
wiki_272346	wiki_272346
wiki_272369	wiki_272369
wiki_272447	wiki_272447
wiki_272650	wiki_272650
wiki_272929	wiki_272929
wiki_273398	wiki_273398
wiki_274242	wiki_274242
wiki_274242	wiki_274242
wiki_274258	wiki_274258
wiki_274258	wiki_274258
wiki_274258	wiki_274258
wiki_274258	wiki_274258
wiki_274263	wiki_274263
wiki_274332	wiki_274332
wiki_274334	wiki_274334
wiki_274334	wiki_274334
wiki_274334	wiki_274334
wiki_274335	wiki_274335
wiki_274486	wiki_274486
wiki_274486	wiki_274486
wiki_274651	wiki_274651
wiki_274659	wiki_274659
wiki_275188	wiki_275188
wiki_275242	wiki_275242
wiki_275326	wiki_275326
wiki_275326	wiki_275326
wiki_275363	wiki_275363
wiki_275486	wiki_275486
wiki_275486	wiki_275486
wiki_275486	wiki_275486
wiki_275486	wiki_275486
wiki_275486	wiki_275486
wiki_275486	wiki_275486
wiki_275486	wiki_275486
wiki_275704	wiki_275704
wiki_275714	wiki_275714
wiki_275753	wiki_275753
wiki_275955	wiki_275955
buchinger_10	buchinger_10
buchinger_10	buchinger_10
buchinger_10	buchinger_10
buchinger_11	buchinger_11
buchinger_12	buchinger_12
buchinger_12	buchinger_12
buchinger_13	buchinger_13
buchinger_13	buchinger_13
buchinger_14	buchinger_14
buchinger_15	buchinger_15
buchinger_15	buchinger_15
buchinger_16	buchinger_16
buchinger_16	buchinger_16
buchinger_18	buchinger_18
buchinger_19	buchinger_19
buchinger_2	buchinger_2
buchinger_20	buchinger_20
buchinger_22	buchinger_22
buchinger_24	buchinger_24
buchinger_24	buchinger_24
buchinger_25	buchinger_25
buchinger_25	buchinger_25
buchinger_26	buchinger_26
buchinger_28	buchinger_28
buchinger_28	buchinger_28
buchinger_28	buchinger_28
buchinger_30	buchinger_30
buchinger_4	buchinger_4
buchinger_5	buchinger_5
buchinger_5	buchinger_5
buchinger_6	buchinger_6
buchinger_6	buchinger_6
buchinger_7	buchinger_7
buchinger_8	buchinger_8
buchinger_9	buchinger_9
colerus_1	colerus_1
colerus_15	colerus_15
colerus_16	colerus_16
colerus_21	colerus_21
colerus_3	colerus_3
colerus_4	colerus_4
colerus_4	colerus_4
colerus_7	colerus_7
danckwerth_1	danckwerth_1
danckwerth_11	danckwerth_11
danckwerth_11	danckwerth_11
danckwerth_11	danckwerth_11
danckwerth_16	danckwerth_16
danckwerth_18	danckwerth_18
danckwerth_19	danckwerth_19
danckwerth_2	danckwerth_2
danckwerth_2	danckwerth_2
danckwerth_2	danckwerth_2
danckwerth_20	danckwerth_20
danckwerth_20	danckwerth_20
danckwerth_20	danckwerth_20
danckwerth_20	danckwerth_20
danckwerth_21	danckwerth_21
danckwerth_21	danckwerth_21
danckwerth_21	danckwerth_21
danckwerth_21	danckwerth_21
danckwerth_21	danckwerth_21
danckwerth_21	danckwerth_21
danckwerth_21	danckwerth_21
danckwerth_22	danckwerth_22
danckwerth_22	danckwerth_22
danckwerth_22	danckwerth_22
danckwerth_22	danckwerth_22
danckwerth_22	danckwerth_22
danckwerth_22	danckwerth_22
danckwerth_22	danckwerth_22
danckwerth_22	danckwerth_22
danckwerth_22	danckwerth_22
danckwerth_22	danckwerth_22
danckwerth_23	danckwerth_23
danckwerth_23	danckwerth_23
danckwerth_23	danckwerth_23
danckwerth_23	danckwerth_23
danckwerth_25	danckwerth_25
danckwerth_26	danckwerth_26
danckwerth_26	danckwerth_26
danckwerth_28	danckwerth_28
danckwerth_29	danckwerth_29
danckwerth_3	danckwerth_3
danckwerth_3	danckwerth_3
danckwerth_4	danckwerth_4
danckwerth_4	danckwerth_4
danckwerth_4	danckwerth_4
danckwerth_6	danckwerth_6
danckwerth_6	danckwerth_6
danckwerth_7	danckwerth_7
danckwerth_7	danckwerth_7
danckwerth_7	danckwerth_7
danckwerth_7	danckwerth_7
danckwerth_9	danckwerth_9
danckwerth_9	danckwerth_9
danckwerth_9	danckwerth_9
deckhardt_1	deckhardt_1
deckhardt_12	deckhardt_12
deckhardt_12	deckhardt_12
deckhardt_12	deckhardt_12
deckhardt_12	deckhardt_12
deckhardt_15	deckhardt_15
deckhardt_17	deckhardt_17
deckhardt_18	deckhardt_18
deckhardt_19	deckhardt_19
deckhardt_19	deckhardt_19
deckhardt_2	deckhardt_2
deckhardt_20	deckhardt_20
deckhardt_20	deckhardt_20
deckhardt_20	deckhardt_20
deckhardt_20	deckhardt_20
deckhardt_20	deckhardt_20
deckhardt_20	deckhardt_20
deckhardt_20	deckhardt_20
deckhardt_21	deckhardt_21
deckhardt_22	deckhardt_22
deckhardt_22	deckhardt_22
deckhardt_26	deckhardt_26
deckhardt_28	deckhardt_28
deckhardt_3	deckhardt_3
deckhardt_30	deckhardt_30
deckhardt_5	deckhardt_5
deckhardt_5	deckhardt_5
deckhardt_7	deckhardt_7
deckhardt_8	deckhardt_8
deckhardt_9	deckhardt_9
frankfurt_1	frankfurt_1
frankfurt_1	frankfurt_1
frankfurt_10	frankfurt_10
frankfurt_10	frankfurt_10
frankfurt_10	frankfurt_10
frankfurt_10	frankfurt_10
frankfurt_10	frankfurt_10
frankfurt_10	frankfurt_10
frankfurt_10	frankfurt_10
frankfurt_9	frankfurt_9
frankfurt_9	frankfurt_9
frankfurt_9	frankfurt_9
frankfurt_9	frankfurt_9
frankfurt_9	frankfurt_9
frankfurt_9	frankfurt_9
frankfurt_9	frankfurt_9
frankfurt_9	frankfurt_9
frankfurt_9	frankfurt_9
frankfurt_9	frankfurt_9
frankfurt_9	frankfurt_9
frankfurt_9	frankfurt_9
frankfurt_9	frankfurt_9
frankfurt_9	frankfurt_9
frankfurt_9	frankfurt_9
frankfurt_9	frankfurt_9
frankfurt_9	frankfurt_9
frankfurt_9	frankfurt_9
frankfurt_9	frankfurt_9
frankfurt_9	frankfurt_9
graz_5	graz_5
graz_7	graz_7
graz_7	graz_7
graz_7	graz_7
graz_7	graz_7
graz_7	graz_7
graz_7	graz_7
graz_8	graz_8
graz_8	graz_8
graz_8	graz_8
graz_8	graz_8
graz_8	graz_8
hohberg_1	hohberg_1
hohberg_1	hohberg_1
hohberg_1	hohberg_1
hohberg_1	hohberg_1
hohberg_12	hohberg_12
hohberg_13	hohberg_13
hohberg_13	hohberg_13
hohberg_14	hohberg_14
hohberg_14	hohberg_14
hohberg_14	hohberg_14
hohberg_14	hohberg_14
hohberg_15	hohberg_15
hohberg_15	hohberg_15
hohberg_16	hohberg_16
hohberg_16	hohberg_16
hohberg_16	hohberg_16
hohberg_16	hohberg_16
hohberg_16	hohberg_16
hohberg_16	hohberg_16
hohberg_2	hohberg_2
hohberg_20	hohberg_20
hohberg_21	hohberg_21
hohberg_22	hohberg_22
hohberg_23	hohberg_23
hohberg_23	hohberg_23
hohberg_24	hohberg_24
hohberg_24	hohberg_24
hohberg_4	hohberg_4
hohberg_4	hohberg_4
hohberg_5	hohberg_5
hohberg_5	hohberg_5
hohberg_6	hohberg_6
hohberg_6	hohberg_6
hohberg_8	hohberg_8
hohberg_8	hohberg_8
hohberg_8	hohberg_8
hohberg_8	hohberg_8
hohberg_8	hohberg_8
hohberg_8	hohberg_8
hohberg_8	hohberg_8
hohberg_9	hohberg_9
hohberg_9	hohberg_9
hohberg_9	hohberg_9
keyl_1	keyl_1
keyl_1	keyl_1
keyl_1	keyl_1
keyl_1	keyl_1
keyl_10	keyl_10
keyl_17	keyl_17
keyl_17	keyl_17
keyl_20	keyl_20
keyl_27	keyl_27
keyl_4	keyl_4
keyl_6	keyl_6
keyl_6	keyl_6
knopf_2	knopf_2
knopf_2	knopf_2
knopf_2	knopf_2
knopf_2	knopf_2
knopf_2	knopf_2
knopf_3	knopf_3
knopf_3	knopf_3
knopf_3	knopf_3
knopf_4	knopf_4
knopf_4	knopf_4
knopf_4	knopf_4
knopf_6	knopf_6
kochvndkellermeisterey_12	kochvndkellermeisterey_12
kochvndkellermeisterey_12	kochvndkellermeisterey_12
kochvndkellermeisterey_15	kochvndkellermeisterey_15
kochvndkellermeisterey_16	kochvndkellermeisterey_16
kochvndkellermeisterey_18	kochvndkellermeisterey_18
kochvndkellermeisterey_19	kochvndkellermeisterey_19
kochvndkellermeisterey_25	kochvndkellermeisterey_25
kochvndkellermeisterey_29	kochvndkellermeisterey_29
kochvndkellermeisterey_29	kochvndkellermeisterey_29
kochvndkellermeisterey_31	kochvndkellermeisterey_31
kochvndkellermeisterey_31	kochvndkellermeisterey_31
kochvndkellermeisterey_7	kochvndkellermeisterey_7
kochvndkellermeisterey_7	kochvndkellermeisterey_7
kochvndkellermeisterey_8	kochvndkellermeisterey_8
kochvndkellermeisterey_8	kochvndkellermeisterey_8
kochvndkellermeisterey_8	kochvndkellermeisterey_8
kochvndkellermeisterey_8	kochvndkellermeisterey_8
kochvndkellermeisterey_9	kochvndkellermeisterey_9
osnabruck_1	osnabruck_1
osnabruck_1	osnabruck_1
osnabruck_1	osnabruck_1
osnabruck_13	osnabruck_13
osnabruck_16	osnabruck_16
osnabruck_17	osnabruck_17
osnabruck_2	osnabruck_2
osnabruck_23	osnabruck_23
osnabruck_26	osnabruck_26
osnabruck_26	osnabruck_26
osnabruck_27	osnabruck_27
osnabruck_27	osnabruck_27
osnabruck_27	osnabruck_27
osnabruck_28	osnabruck_28
osnabruck_28	osnabruck_28
osnabruck_28	osnabruck_28
osnabruck_28	osnabruck_28
osnabruck_28	osnabruck_28
osnabruck_28	osnabruck_28
osnabruck_4	osnabruck_4
osnabruck_4	osnabruck_4
schuppe_1	schuppe_1
schuppe_1	schuppe_1
schuppe_1	schuppe_1
schuppe_1	schuppe_1
schuppe_1	schuppe_1
schuppe_10	schuppe_10
schuppe_10	schuppe_10
schuppe_11	schuppe_11
schuppe_12	schuppe_12
schuppe_16	schuppe_16
schuppe_18	schuppe_18
schuppe_19	schuppe_19
schuppe_23	schuppe_23
schuppe_24	schuppe_24
schuppe_4	schuppe_4
schuppe_4	schuppe_4
schuppe_4	schuppe_4
schuppe_6	schuppe_6
schuppe_7	schuppe_7
schuppe_8	schuppe_8
staindl_13	staindl_13
staindl_16	staindl_16
staindl_16	staindl_16
staindl_16	staindl_16
staindl_18	staindl_18
staindl_18	staindl_18
staindl_2	staindl_2
staindl_21	staindl_21
staindl_21	staindl_21
staindl_21	staindl_21
staindl_24	staindl_24
staindl_26	staindl_26
staindl_28	staindl_28
staindl_29	staindl_29
staindl_29	staindl_29
staindl_30	staindl_30
staindl_30	staindl_30
staindl_30	staindl_30
staindl_4	staindl_4
staindl_4	staindl_4
staindl_7	staindl_7
staindl_9	staindl_9
stockholm_1	stockholm_1
stockholm_1	stockholm_1
stockholm_1	stockholm_1
stockholm_10	stockholm_10
stockholm_13	stockholm_13
stockholm_13	stockholm_13
stockholm_13	stockholm_13
stockholm_13	stockholm_13
stockholm_13	stockholm_13
stockholm_13	stockholm_13
stockholm_14	stockholm_14
stockholm_14	stockholm_14
stockholm_15	stockholm_15
stockholm_16	stockholm_16
stockholm_16	stockholm_16
stockholm_20	stockholm_20
stockholm_20	stockholm_20
stockholm_20	stockholm_20
stockholm_4	stockholm_4
stockholm_4	stockholm_4
stockholm_5	stockholm_5
stockholm_5	stockholm_5
stockholm_5	stockholm_5
stockholm_9	stockholm_9
stockholm_9	stockholm_9
stockholm_9	stockholm_9
stockholm_9	stockholm_9
stockholm_9	stockholm_9
stockholm_9	stockholm_9
stockholm_9	stockholm_9
thieme_1	thieme_1
thieme_12	thieme_12
thieme_13	thieme_13
thieme_13	thieme_13
thieme_14	thieme_14
thieme_15	thieme_15
thieme_15	thieme_15
thieme_15	thieme_15
thieme_15	thieme_15
thieme_15	thieme_15
thieme_15	thieme_15
thieme_15	thieme_15
thieme_16	thieme_16
thieme_16	thieme_16
thieme_16	thieme_16
thieme_16	thieme_16
thieme_27	thieme_27
thieme_28	thieme_28
thieme_29	thieme_29
thieme_29	thieme_29
thieme_29	thieme_29
thieme_29	thieme_29
thieme_30	thieme_30
thieme_30	thieme_30
thieme_30	thieme_30
thieme_8	thieme_8
thieme_9	thieme_9
wecker_1	wecker_1
wecker_10	wecker_10
wecker_11	wecker_11
wecker_13	wecker_13
wecker_14	wecker_14
wecker_14	wecker_14
wecker_14	wecker_14
wecker_15	wecker_15
wecker_15	wecker_15
wecker_15	wecker_15
wecker_15	wecker_15
wecker_16	wecker_16
wecker_17	wecker_17
wecker_18	wecker_18
wecker_20	wecker_20
wecker_20	wecker_20
wecker_21	wecker_21
wecker_21	wecker_21
wecker_22	wecker_22
wecker_22	wecker_22
wecker_23	wecker_23
wecker_23	wecker_23
wecker_23	wecker_23
wecker_24	wecker_24
wecker_27	wecker_27
wecker_30	wecker_30
wecker_6	wecker_6
wecker_8	wecker_8
wecker_8	wecker_8
wecker_8	wecker_8
wecker_8	wecker_8
